{
    "10allday": 100000018,
    "1234567890": 100000054,
    "AXM": 100000120,
    "Alexwarda31": 100000308,
    "AngeryShed": 100000020,
    "AppleCider": 100000485,
    "AutismMan": 100000550,
    "Beta Boy": 100000167,
    "Coffeetip": 100000067,
    "ComradeNapCal": 100000062,
    "CoolDude": 100000048,
    "DogemonMemers": 100000024,
    "DowntownPlayer": 100000352,
    "ElDuderino323": 100000136,
    "Elduderino323": 100000055,
    "Emnay": 100000338,
    "HMVocaloid": 100000468,
    "InfoManic": 100000573,
    "Jeeperpretzel": 100000110,
    "Jeeperpretzel15": 100000021,
    "Jesse8511": 100000031,
    "JohnCoteJeeper": 100000006,
    "KingRomeo2": 100000336,
    "KingRomeoToontown": 100000377,
    "Kranax2017": 100000181,
    "Legoshis_Shaft": 100000385,
    "MAX": 100000379,
    "Pamcoppedge123@yahoo.com": 100000452,
    "PlantsVSGames": 100000557,
    "Player1Gamez": 100000387,
    "QuackersTTR": 100000354,
    "RM05": 100000134,
    "Relampago686": 100000426,
    "Rocket": 100000000,
    "Rocket2": 100000132,
    "Rocket552": 100000375,
    "SunriseGamesStream": 100000455,
    "TGoodwin518": 100000198,
    "TeaLeaf96": 100000295,
    "TempTwo": 100000123,
    "TheToon_AXM": 100000345,
    "Thunderzapper": 100000483,
    "Zlarb": 100000275,
    "a5aaa2": 100000288,
    "agata": 100000212,
    "anonymous": 100000139,
    "babyape": 100000107,
    "babyape2": 100000109,
    "bighead": 100000524,
    "bigmac": 100000298,
    "bonnorcony": 100000185,
    "bullshit": 100000075,
    "casted_dreams": 100000202,
    "catfish": 100000604,
    "cho18": 100000406,
    "coffeetip": 100000594,
    "colinnzflakk": 100000192,
    "cooldude": 100000096,
    "cote": 100000384,
    "daphnie11": 100000586,
    "davidallan": 100000085,
    "developer": 100000265,
    "dogabc": 100000600,
    "dominojelly299": 100000319,
    "eyJpdiI6IlhzQmYxMTJvcit0YzRWWU5xaTFkeHc9PSIsImRhdGEiOiJWb1ljaXJ5dGFlN0JiR1wvYmNDcWxKUT09In0=": 100000270,
    "eyJpdiI6InVLQjFzQklGTmx3eDRVcnlMNVc2OFE9PSIsImRhdGEiOiI1YzlpblhtT09nN3VJNXJwMmw0a0pRPT0ifQ==": 100000267,
    "fingertips6": 100000128,
    "gamer321ad": 100000279,
    "gauntscreech": 100000271,
    "giantsolar": 100000327,
    "glomatico": 100000093,
    "gogo44": 100000506,
    "grg": 100000097,
    "haris18": 100000434,
    "housefart": 100000362,
    "hunterboppen": 100000012,
    "hunterboppen2": 100000396,
    "ilovemy3pets": 100000050,
    "itsevan": 100000222,
    "jeeperpretzel": 100000111,
    "k1nomoto": 100000174,
    "kona": 100000002,
    "lunatt2": 100000142,
    "max": 100000164,
    "meckwick": 100000436,
    "meow": 100000513,
    "milton_nascimento": 100000260,
    "nathan97": 100000589,
    "nitrodrive": 100000521,
    "notpython": 100000245,
    "pamcoppedge123@yahoo.com": 100000248,
    "parallishot": 100000035,
    "pjmoura577": 100000226,
    "princessrosiehuladoodle": 100000234,
    "rocket": 100000106,
    "rocket552": 100000410,
    "rocketgamer580": 100000273,
    "rocketprogrammer": 100000105,
    "samueltracey": 100000033,
    "slappy111": 100000526,
    "slappyalt33": 100000576,
    "slappygiggledoodle1": 100000365,
    "stubbytucker209": 100000368,
    "superM0use24": 100000104,
    "super_mouse": 100000102,
    "super_mouse24": 100000103,
    "supermouse": 100000100,
    "supermousegaming": 100000101,
    "tammm7": 100000218,
    "tesaomarshmellows": 100000119,
    "test": 100000058,
    "test89": 100000559,
    "tobyloby": 100000216,
    "toonj": 100000004,
    "toonjoey": 100000175,
    "toonup1": 100000325,
    "ttrkingsmirky": 100000301,
    "ttrkingsmirky9": 100000530,
    "tuphr": 100000443
}